FunkyName,Nalignments,Direction,Pos,AA,AC,AG,AT,CA,CC,CG,CT,GA,GC,GG,GT,TA,TC,TG,TT
Fagus sylvatica,196960,5',0,0.989742,0.00279,0.006384,0.001085,0.001337,0.901014,0.00323,0.094419,0.029968,0.00409,0.963388,0.002554,0.0034,0.013838,0.001919,0.980843
Fagus sylvatica,196960,5',1,0.989488,0.003044,0.004779,0.002689,0.000085,0.943479,0.0052,0.051235,0.018523,0.004122,0.9748,0.002556,0.002407,0.00883,0.000764,0.987998
Fagus sylvatica,196960,5',2,0.993037,0.000288,0.005555,0.001121,0.003679,0.9804,0.000069,0.015852,0.0162,0.002869,0.97514,0.00579,0.005933,0.014151,0.004898,0.975018
Fagus sylvatica,196960,5',3,0.981054,0.005307,0.009159,0.00448,0.004385,0.978382,0.00091,0.016323,0.017552,0.005319,0.971735,0.005394,0.003053,0.006302,0.000173,0.990472
Fagus sylvatica,196960,5',4,0.994413,0.000076,0.005455,0.000056,0.000403,0.971447,0.003505,0.024645,0.007117,0.002939,0.989472,0.000472,0.000247,0.008299,0.000152,0.991301
Fagus sylvatica,196960,5',5,0.988985,0.000061,0.009803,0.001151,0.000032,0.977904,0.005916,0.016148,0.025535,0.000138,0.974234,0.000094,0.001613,0.009086,0.000482,0.98882
Fagus sylvatica,196960,5',6,0.989806,0.000239,0.004127,0.005828,0.003278,0.975862,0.002776,0.018084,0.015836,0.004876,0.977987,0.001301,0.000418,0.015145,0.002972,0.981465
Fagus sylvatica,196960,5',7,0.987598,0.007473,0.004898,0.000031,0.009555,0.974281,0.002914,0.01325,0.01545,0.000015,0.978637,0.005898,0.002356,0.005547,0.000231,0.991865
Fagus sylvatica,196960,5',8,0.983646,0.001314,0.013659,0.00138,0.001187,0.971496,0.000207,0.02711,0.01101,0.003486,0.985432,0.000072,0.000006,0.00779,0.001605,0.990598
Fagus sylvatica,196960,5',9,0.995312,0.000119,0.003117,0.001452,0.001707,0.982706,0.00237,0.013217,0.018666,0.003942,0.972469,0.004922,0.004357,0.002576,0.002286,0.990781
Fagus sylvatica,196960,5',10,0.991643,0.003135,0.004654,0.000568,0.000132,0.980449,0,0.019419,0.015322,0.002766,0.979047,0.002864,0.000164,0.010653,0.000005,0.989178
Fagus sylvatica,196960,5',11,0.992977,0.002227,0.004369,0.000427,0.00001,0.978681,0.000303,0.021006,0.019069,0.003154,0.976644,0.001134,0.003626,0.003529,0.002571,0.990274
Fagus sylvatica,196960,5',12,0.986903,0.002606,0.006447,0.004044,0.008512,0.972589,0.000003,0.018896,0.003895,0.002801,0.992522,0.000781,0.002139,0.00853,0.000036,0.989295
Fagus sylvatica,196960,5',13,0.991904,0.001482,0.001852,0.004761,0.005883,0.971748,0.000493,0.021876,0.021197,0.000126,0.978637,0.00004,0.000438,0.003696,0.000058,0.995809
Fagus sylvatica,196960,5',14,0.990775,0.000005,0.00906,0.000159,0.002901,0.976768,0.00028,0.020051,0.013583,0.00069,0.980013,0.005714,0.00093,0.006973,0.000307,0.991789
Fagus sylvatica,196960,5',15,0.988845,0.002256,0.004008,0.004892,0.013058,0.96068,0.000246,0.026015,0.016849,0.000012,0.982107,0.001032,0.003212,0.008099,0.000052,0.988638